Name,Price,Descriptions
Жакет со льном ELIS,"
                9 999 ₽            ","Однобортный жакет светло-голубого оттенка выполнен из фирменного смесового льна. Лёгкий материал не позволит коже перегреться в жару и не деформируется со временем. Модель прямого силуэта, со стояче-отложным воротником с лацканами, втачным рукавом 3/4, центральной застёжкой на три пуговицы и накладным карманом на груди. С брюками из той же коллекции составят однотонный тотал-лук в стиле смарт кэжуал."
Брюки прямые со льном ELIS,"
                6 999 ₽            ","Актуальные брюки светло цвета выполнены из фирменного смесового льна. Лёгкий материал не позволит коже перегреться в жару и не деформируется со временем. Модель прямого кроя, с притачным поясом со шлевками под ремень, французскими карманами и моделирующими вытачками сзади. С однобортным жакетом из того же материала составят однотонный тотал-лук в стиле смарт кэжуал."
Легкая ветровка ELIS,"
                7 999 ₽            ","Актуальная ветровка с воротником рубашечного типа деликатного пудрового оттенка выполнена из невесомого материала. Модифицированная вискоза мягкая, приятная к телу и обладает повышенной прочностью. Модель прямого силуэта, со спущенной линией плеча и проймой, длинным втачным рукавом с манжетом на резинке, центральной застёжкой на металлическую тесьму-молнию и накладными карманами на груди. Комфортная резинка по низу изделия обеспечивает удобную посадку по фигуре. Дополнит городской образ любой сложности."
Брюки из хлопка с тесьмой ELIS,"
                6 999 ₽            ","Лаконичные брюки пыльно-розового оттенка с декоративным поясом-тесьмой. Выполнены из плотного хлопкового полотна премиального качества, дышащий материал эластичный и приятный к коже. Модель прямого силуэта, слегка укороченная. Обтачной пояс со шлевками под ремень сзади присборен на резинку, что обеспечивает комфортную посадку. Образ можно дополнить базовой футболкой или легким топом."
Платье-миди из хлопка ELIS,"
                7 999 ₽            ","Элегантное платье-миди насыщенного синего цвета. Выполнено из невесомого дышащего полотна из хлопка премиального качества. Модель А-силуэта, с неглубоким V-образным вырезом и бретелями с легкими сборками, декорированными монилью. Широкий пояс-лента из основного материала подчеркивает талию и создает объёмные струящиеся драпировки. Образ можно дополнить открытыми босоножками, мюлями или классическими лодочками."
Рубашка льняная ELIS,"
                7 499 ₽            ","Рубашка свободного кроя с отложным воротником и длинными рукавами с манжетом. Модель изготовлена из мягкой 100% натуральной льняной ткани тонкого плетения. Застегивается планку с пуговицами, по бокам декоративные разрезы. Грудь украшает широкий накладной карман. На спинке кокетка с защипом для идеальной посадки в плечах. Модель сочетается с трикотажными облегающими топами, свободными брюками или джинсами."
Рубашка льняная ELIS,"
                7 499 ₽            ","Рубашка свободного кроя с отложным воротником и длинными рукавами с манжетом. Модель изготовлена из мягкой 100% натуральной льняной ткани тонкого плетения голубого цвета. Застегивается на планку с пуговицами, по бокам декоративные разрезы. Грудь украшает широкий накладной карман. На спинке кокетка с защипом для идеальной посадки в плечах. Модель сочетается с трикотажными облегающими топами, свободными брюками или джинсами."
Брюки из хлопка и льна ELIS,"
                5 999 ₽            ","Лаконичные брюки голубого цвета с легким авторским принтом ""клетка тартан"" в цвет изделию. Выполнены из мягкого материала на основе дышащего хлопка и натуральных льняных волокон, придающих ткани неповторимую текстуру. Модель прямого силуэта, с притачным поясом со шлевками под ремень и боковыми карманами с отрезным бочком, сзади по поясу резинка. Графичные стрелки выстраивают вертикаль визуально вытягивающую силуэт. Универсальные брюки отлично впишутся в повседневный гардероб."
Футболка с принтом из хлопка ELIS,"
                3 499 ₽            ","Базовая футболка универсального белого цвета с дизайнерским принтом на груди. Выполнена из фирменного хлопкового трикотажа премиального качества. Модель прямого силуэта, с коротким цельнокроеным рукавом с отворотом и круглой горловиной, обработанной бейкой. Лёгкая футболка удачно впишется в повседневный гардероб."
Юбка из хлопка и льна ELIS,"
                5 999 ₽            ","Юбка с имитацией запаха голубого цвета с легким авторским принтом ""клетка тартан"" в цвет изделию. Выполнена из легкого материала на основе дышащего хлопка и натуральных льняных волокон, придающих ткани неповторимую текстуру. Модель прямого силуэта, с обтачным поясом, рельефом и декоративными пуговицами спереди и моделирующими вытачками сзади. Универсальная юбка отлично впишется в повседневный гардероб."
Платье с флористическим принтом ELIS,"
                8 999 ₽            ","Элегантное платье-миди с дизайнерским принтом с флористическим паттерном. Выполнено из лёгкого вискозного полотна с добавлением нейлона, отвечающего за несковывающую движений посадку. Модель прямого силуэта, без рукавов, с круглой горловиной и разрезом по среднему шву сзади. Пояс-тесьма из основного материала подчеркивает талию и формирует утонченный силуэт. Образ можно дополнить открытыми босоножками или мюлями на каблуке."
Футболка с принтом из хлопка ELIS,"
                3 499 ₽            ","Комфортная футболка светло-желтого цвета с дизайнерским принтом на груди. Выполнена из фирменного хлопкового трикотажа премиального качества. Модель прямого силуэта, с коротким цельнокроеным рукавом с отворотом и круглой горловиной, обработанной бейкой. Лёгкая футболка удачно впишется в повседневный гардероб."
Блуза из вискозы ELIS,"
                4 499 ₽            ","Актуальная блуза цвета миндального масла выполнена из невесомого материала на основе вискозы. Натуральная ткань не препятствует циркуляции воздуха и не позволяет коже перегреваться в жаркую погоду. Модель прямого силуэта, увеличенного объёма, с неглубокой V-образной горловиной и короткими цельнокроеными рукавами с широкими манжетами, по бокам разрезы. Свободный крой обеспечивает удобную посадку на любой тип фигуры. С широкими брюками из той же коллекции составят однотонный тотал-лук для городских прогулок или отпуска."
Брюки прямые ELIS,"
                5 999 ₽            ","Трендовые широкие брюки цвета миндального масла. Выполнены из невесомого материала на основе вискозы, натуральная ткань не препятствует циркуляции воздуха и не позволяет коже перегреваться в жаркую погоду. Модель прямого силуэта, увеличенного объёма, с французскими карманами. Комфортный притачной пояс с резинкой и свободный крой обеспечивают удобную посадку на любой тип фигуры. С блузой из того же материала составят однотонный тотал-лук для городских прогулок или отпуска."
Жилет из вискозы на запах ELIS,"
                8 999 ₽            ","Актуальный жилет молочного оттенка выполнен из невесомого вискозного полотна премиального качества. Модель прямого силуэта, с воротником пиджачного типа с заострёнными лацканами, спущенной линией плеча, клапанами на груди и шлевками с декоративными концами. Пояс из основного материала удачно прочеркивает линию талии и обеспечивает комфортную посадку. Составит однотонной тотал-лук с брюками из того же материала."
Брюки прямые из вискозы ELIS,"
                6 999 ₽            ","Брюи деликатного молочного оттенка выполнены из невесомого вискозного полотна премиального качества. Модель прямого кроя, с притачным поясом со шлёвками под ремень, косыми карманами и лёгкими защипами спереди. Составят однотонной тотал-лук с жилетом из того же материала."
Вязаная блуза с V-вырезом ELIS,"
                4 999 ₽            ","Стильная вязаная блуза из объемной пряжи на основе хлопка персикового цвета. Модель полуприлегающего силуэта, с V-образной горловиной, цельновязаным рукавом и комфортным поясом по низу изделия. По горловине и центру изделия располагается фактурная отделка с особым переплетением нитей. Блуза универсально сочетается с просторной одеждой в светлых тонах: юбками-макси и миди, широкими длинными брюками и обувью на плоской подошве."
Вязаная блуза с V-вырезом ELIS,"
                4 999 ₽            ","Вязаная блуза оттенка экрю выполнена из фирменной пряжи на основе длинноволокнистого хлопка. Модель полуприлегающего силуэта, с V-образной горловиной, цельновязаным рукавом и комфортным поясом по низу изделия. По горловине и центру изделия располагается фактурная отделка с особым переплетением нитей. Легкая блуза дополнит как лук в стиле кэжуал, так и нестрогий деловой лук."
Укороченная рубашка из вискозы ELIS,"
                4 999 ₽            ","Укороченная рубашка нежного лавандового оттенка. Выполнена из гладкого вискозного полотна, лёгкий материал приятен к коже и не препятствует циркуляции воздуха. Модель прямого силуэта, с отложным воротником, спущенной линией плеча и проймой, свободным втачным рукавом и центральной застёжкой на планку с пуговицами. По низу изделия по бокам резинка. Составит однотонный тотал-лук с юбкой на запах из той же ткани."
Топ трикотажный ELIS,"
                2 499 ₽            ","Минималистичный топ прямого облегающего силуэта с фигурным широким вырезом в пастельно-лавандовом оттенке. Топ из вискозного трикотажа, на широких цельнокроеных бретелях, без застежки. Базовая вещь гардероба. Универсально эффектно подходит под пиджаки, жакеты и брючные костюмы, а также сочетается со свободными рубашками и джинсами."
Брюки с накладными карманами ELIS,"
                5 999 ₽            ","Стильные укороченные брюки свободного кроя, стилизованные под силуэт “карго”, с двумя накладными карманами спереди и одним сзади. Модель из 100% плотного хлопка светло-бежевого оттенка. Сзади на талии для идеальной посадки выполнены вытачки. Силуэт позволяет сочетать брюки с кроссовками и обувью на каблуке, а также пиджаками оверсайз."
Топ трикотажный ELIS,"
                2 499 ₽            ","Минималистичный топ прямого облегающего силуэта с фигурным широким вырезом в белом цвете. Топ из вискозного трикотажа, на широких цельнокроеных бретелях, без застежки. Базовая вещь гардероба. Универсально эффектно подходит под пиджаки, жакеты и брючные костюмы, а также сочетается со свободными рубашками и джинсами."
Платье-комбинация из вискозы ELIS,"
                6 999 ₽            ","Эффектное платье-комбинация нежного лилового оттенка. Выполнено из гладкого полотна на основе вискозы премиального качества, невесомый материал почти не ощущается на коже. Модель прямого силуэта, длины миди, с квадратным вырезом горловины, тонкими бретелями с бельевыми фиксаторами сзади и горизонтальной декоративной лямкой на спинке. Утончённое платье можно дополнить актуальными босоножками или классическими лодочками."
Блузка с капюшоном ELIS,"
                4 999 ₽            ","Комфортная блуза оттенка горький шоколад выполнена из лёгкого вискозного полотна. Дышащий материал приятен к коже и почти не мнётся. Модель прямого силуэта, с коротким цельнокроеным рукавом и металлической тесьмой-молнией до линии груди. Завершает дизайн удобный капюшон, функциональная деталь защитит от солнца или ветра. С шортами-бермудами из того же материала составит однотонный тотал-лук для прогулок на природе или отпуска."
Шорты-бермуды на резинке ELIS,"
                4 999 ₽            ","Повседневные шорты-бермуды оттенка горький шоколад выполнены из лёгкого вискозного полотна. Дышащий материал приятен к коже и почти не мнется. Модель прямого силуэта, с притачным поясом с эластичной резинкой и декоративными шнурками. Свободный крой обеспечивает комфортную посадку на любой тип фигуры. С блузой из того же материала составят однотонный тотал-лук для прогулок на природе или отпуска."
Футболка с V-вырезом ELIS,"
                3 499 ₽            ","Свободная футболка прямого силуэта из мягкого хлопка плотного гладкого плетения. Модель в пастельно-розовом оттенке с просторным цельнокроенным коротким рукавом. В сочетании с V-образным вырезом создается плавный силуэт, который будет выгодно подчеркиваться жакетом. Спереди вырез декорирован монилью. Модель сочетается со свободными брюками и шортами."
Платье-рубашка из вискозы ELIS,"
                6 999 ₽            ","Лаконичное платье-рубашка оттенка горький шоколад выполнено из лёгкого вискозного полотна. Модель прямого силуэта, с воротником рубашечного типа, со спущенной линией плеча, свободным втачным коротким рукавом и центральной застёжкой на планку с пуговицами. По шву притачивания кокетки спереди легкая драпировка. Линию талии можно подчеркнуть поясом-лентой из основного материала с декоративным украшением. Образ можно дополнить как обувью на каблуке, так и кедами."
Джинсовая куртка ELIS,"
                8 999 ₽            ","Актуальная куртка базового белого цвета с крупными металлическими пуговицами. Выполнена из плотного хлопкового денима, особое переплетение нитей обеспечивает ткани прочность и износостойкость. Модель прямого силуэта, увеличенного объёма и слегка укороченной длины со стояче-отложным воротником, втачным рукавом со сборкой по линии плеча и манжетом с пуговицами. Рельефы спереди и по спинке формируют удачную посадку, завершают дизайн накладные карманы с клапанами. С юбкой-миди из того же материала составят однотонный тотал-лук в стиле кэжуал."
Топ на тонких бретелях ELIS,"
                3 999 ₽            ","Топ из эффектной атласной ткани универсального чёрного цвета. Модель минималистичного кроя, полуприлегающего силуэта, с прямым вырезом переда и спинки. Такой силуэт в сочетании с цветом выгодно подчеркивает линию плеч. Стильная базовая вещь, которая сочетается как с деловым так и неформальным гардеробом. Идеальна в комплекте с широкими черными брюками из той же капсулы."
Джинсовая юбка на пуговицах ELIS,"
                6 999 ₽            ","Лаконичная юбка базового белого цвета с застёжкой на крупные металлические пуговицы. Выполнена из плотного хлопкового денима, особое переплетение нитей обеспечивает ткани прочность и износостойкость. Модель прямого силуэта, с притачным поясом со шлёвками под ремень и французскими карманами. Моделирующие талиевые вытачки формируют комфортную посадку по фигуре. С легкой курткой из того же материала составят однотонный тотал-лук в стиле кэжуал."
Топ на бретелях ELIS,"
                3 999 ₽            ",Топ полуприлегающего силуэта на бретелях. Спереди фигурный треугольный вырез и диагональные подрезы.
Брюки изо льна ELIS,"
                6 999 ₽            ","Лаконичные брюки универсального черного цвета выполнены из фирменного льняного полотна. Дышащий материал не препятствует циркуляции воздуха и не позволит коже перегреться. Модель прямого кроя, с застежкой на пуговицу и молнию, и карманами в боковых швах. Притачной пояс с комфортной резинкой сзади и легкими защипами спереди обеспечивают удобную посадку по фигуре. Графичные стрелки выстраивают вертикаль, визуально вытягивающую силуэт. Брюки в стиле смарт кэжуал можно дополнить контрастным топом или классической блузой."
Топ на тонких бретелях ELIS,"
                3 999 ₽            ","Топ из эффектной атласной ткани нежно-розового цвета. Модель минималистичного кроя, полуприлегающего силуэта, с прямым вырезом переда и спинки. Силуэт выгодно подчеркивает линию плеч. Стильная базовая вещь, которая сочетается как с деловым так и неформальным гардеробом. Идеальна в комплекте с широкими черными брюками из той же капсулы."
Свободные брюки из вискозы ELIS,"
                6 999 ₽            ","Стильные брюки из мягкой экологичной вискозы практичного черного цвета. Свободная модель, расклешенная от бедра, с удобным поясом на резинке, люверсами и декоративным шнурком, украшенным металлическими наконечниками. По бокам вместительные карманы, спереди простроченные стрелки. Брюки легко сочетать как с футболками, так и с белыми рубашками и трикотажем."
Рубашка со льном ELIS,"
                6 999 ₽            ","Удлиненная рубашка насыщенного салатового оттенка выполнена из легко материала премиального качества. Дышащая вискоза приятна к коже, натуральные льняные волокна поддерживают оптимальную температуру и придают ткани неповторимую текстуру. Модель прямого силуэта, с отложным воротником с заострёнными лацканами, спущенной линией плеча и втачным рукавом с имитацией манжета. Дополнена декоративными клапанам на груди, навесной верхней петлей из основного материала и разрезами в боковых швах. Образ можно завершить комфортными брюками, джинсами или юбкой."
Джинсы прямые ELIS,"
                5 999 ₽            ","Лаконичные джинсы ""5 карманов"" оттенка оптический белый выполнены из лёгкого денима премиального качества. Дышащий хлопковый материал тянется, обеспечивая комфортную посадку по фигуре. Модель прилегающего силуэта, с притачным поясом со шлевками под ремень, боковыми карманами с фигурным входом, декоративным часовым карманом и накладными американскими сзади. Базовую модель можно дополнить легкой блузой или актуальным топом."
Вязаный топ из вискозы ELIS,"
                3 999 ₽            ","Вязаный топ эффектного прилегающего силуэта из фактурного тонкого вязаного полотна на основе экологичной вискозы светлого-лилового оттенка. Лаконичная модель с горловиной ""американка"". Топ входит в базовый повседневный гардероб и может стать универсальной основой костюмов для офиса и путешествий в сочетании с юбками, брюками и жакетами."
Юбка джинсовая ELIS,"
                5 999 ₽            ","Лаконичная прямая юбка из плотного хлопкового денима оттенка свежего лайма. Прочный лёгкий материал отлично тянется, обеспечивая не сковывающую движений посадку. Модель прямого силуэта, с притачным поясом со шлёвками под ремень, застёжкой на тесьму-молнию сзади и прямоугольными карманами. Юбку в стиле кэжуал можно дополнить актуальными блузами или легкими топами."
Вязаный топ из вискозы ELIS,"
                3 999 ₽            ","Вязаный топ эффектного прилегающего силуэта из фактурного тонкого полотна на основе экологичной вискозы в оттенке лайм. Лаконичная модель с горловиной ""американка"". Топ входит в базовый повседневный гардероб и может стать универсальной основой костюмов для офиса и путешествий в сочетании с юбками, брюками и жакетами."
Рубашка с объемными рукавами ELIS,"
                5 999 ₽            ","Белоснежная блуза выполнена из легкого хлопкового полотна. Дышащий материал приятен к коже и прост в уходе. Модель прямого силуэта, со стояче-отложным воротником, спущенной линией плеча и центральной застёжкой на планку с пуговицами. Объёмные рукава со сборками по окату присобраны у манжета, линия втачивания рукава декорирована  ажурным просвечивающим кружевом. Блуза в стиле смарт кэжуал дополнит повседневный образ любой сложности."
Брюки из хлопка укороченные ELIS,"
                6 499 ₽            ","Укороченные брюки розового цвета. Выполнены из лёгкого миксового полотна, хлопок приятен к телу, поливолокна отвечают за прочность, эластичный спандекс за удобную посадку по фигуре. Модель прямого силуэта, средней посадки, с притачным поясом со шлёвками под ремень, талиевыми вытачками и французскими карманами. Универсальные брюки дополнят лук в стиле кэжуал или станут альтернативой классическим брюкам для нестрогого офисного образа."
Платье-миди со льном ELIS,"
                7 999 ₽            ","Оригинальное платье-миди насыщенного салатового оттенка с полуоткрытой спиной. Выполнено из невесомого материала на основе натуральных льняных волокон и дышащей вискозы, придающих неповторимую текстуру полотну. Модель А-силуэта, с эластичным поясом-акцентом на талии, круглой горловиной и подолом с лёгкими драпировками. Верхняя часть платья присборена спереди на талии на резинку, задняя часть платья - отлетная. Образ можно дополнить открытыми босоножками или мюлями."
Рубашка изо льна и хлопка ELIS,"
                5 999 ₽            ","Яркая рубашка с завязками насыщенного желтого цвета окрашенная в технике тай-дай. Выполнена из лёгкого материала на основе дышащего хлопка и натуральных льняных волокон. Модель прямого силуэта, со стояче-отложным воротником, длинным рукавом с манжетом, центральной застёжкой на пуговицы и накладным карманом на груди. Удлиненные полы завязаны в комфортный узел на талии. Образ можно дополнить юбкой, шортами или джинсами."
Джинсовая юбка-карандаш ELIS,"
                5 999 ₽            ","Лаконичная юбка из плотного хлопкового денима деликатного светло-голубого оттенка. Прочный лёгкий материал отлично тянется, обеспечивая не сковывающую движений посадку. Модель прямого силуэта, с притачным поясом со шлёвками под ремень и французскими карманами. Длина изделия чуть выше колена. Юбку в стиле кэжуал можно дополнить актуальными блузами или легкими топами."
Блуза из модала ELIS,"
                4 999 ₽            ","Необычная блуза с завязками насыщенного розового оттенка выполнена из лёгкого мягкого полотна на основе модала - инновационного вискозного материала из буковой или эвкалиптовой древесины. Модель прямого силуэта, со стояче-отложным воротником, свободным коротким рукавом, центральной застёжкой на пуговицы и сборками по линии плеча. Удлиненные полы спереди завязаны в комфортный узел. Образ можно дополнить юбкой, шортами или джинсами."
Свободная рубашка изо льна ELIS,"
                6 999 ₽            ","Рубашка свободного кроя ментолового оттенка выполнена из натурального льняного полотна. Органический материал с неповторимой текстурой защищает от жары, не позволяя коже перегреваться. Модель прямого силуэта, среднего объёма, со стояче-отложным воротником, спущенной линией плеча, свободным втачным рукавом с манжетом на пуговице, центральной застёжкой на пуговицы и накладным карманом на груди. Составит однотонный тотал-лук с брюками-кюлотами из того же материала."
Брюки изо льна с кулиской ELIS,"
                6 999 ₽            ","Трендовые прямые брюки насыщенного зелёного цвета выполнены из натурального льняного полотна. Органический материал с неповторимой текстурой защищает от жары, не позволяя коже перегреваться. Модель прямого силуэта, укороченные, с боковыми карманами. Эластичный пояс-резинка с регулируемой кулиской обеспечивает не сковывающую движений посадку. Составит однотонный тотал-лук с оверсайз рубашкой из той же ткани."
Платье-миди из вискозы ELIS,"
                7 999 ₽            ","Изящное платье-миди в бело-голубой гамме с авторским цветочным принтом и удлиненным сзади подолом. Выполнено из летящего вискозного полотна, натуральный дышащий материал приятен к коже и лёгок в уходе. Модель А-силуэта с неглубоким V-образным вырезом горловины и свободными рукавами-крылышками. Под грудью тесьма из основного материала, создающая нежный женственный силуэт. Элегантный образ можно завершить открытыми босоножками или мюлями на каблуке."
Платье-туника из хлопка ELIS,"
                7 999 ₽            ","Легкое платье-туника белого цвета. Выполнено из невесомого 100% хлопка с вышивкой. Модель А-силута, со свободными рукавами, присобранными у манжета, притачным нижним ярусом с легкими драпировками, круглой горловиной с разрезом и кулиской с кисточками. В комплекте идёт нижнее платье на бретелях. С открытыми босоножками составят актуальный городской лук, с пляжной обувью образ для отпуска."
Платье изо льна без рукавов ELIS,"
                7 999 ₽            ","Лаконичное платье-миди из натурального льна насыщенного розового цвета. Эффектная минималистичная модель с оригинальным вырезом в верхней части спины и разрезами по бокам, за счет которых силуэт выглядит летящим. Застегивается на потайную молнию сбоку. Средняя длина выгодно подчеркивает ноги, платье выглядит максимально эффектно в сочетании с обувью на шпильке и легким светлым пиджаком."
Платье изо льна без рукавов ELIS,"
                7 999 ₽            ","Лаконичное платье-миди из натурального льна нежно-зелёного оттенка. Эффектная минималистичная модель с оригинальным вырезом в верхней части спины и разрезами по бокам, за счет которых силуэт выглядит летящим. Застегивается на потайную молнию сбоку. Средняя длина выгодно подчеркивает ноги, платье выглядит максимально эффектно в сочетании с обувью на шпильке и легким светлым пиджаком."
Платье-миди без рукавов ELIS,"
                6 999 ₽            ","Изящное платье без рукавов василькового оттенка выполнено из невесомого летящего материала. Мягкая дышащая вискоза приятна к телу, а прочные нейлоновые волокна не позволят ткани деформироваться со временем. Модель А-силуэта, с V-образным вырезом горловины, небольшими сборками на плечах и подолом с притачным ярусом с лёгкими воланами. Аккуратный ремень выгодно подчёркивает талию и формирует нежные драпировки. Образ можно дополнить актуальными открытыми босоножками или классическими лодочками."
Топ с ярким принтом ELIS,"
                3 999 ₽            ","Лёгкий топ с дизайнерским геометрическим принтом в бруснично-красной гамме. Выполнен из невесомого материала на основе вискозы и купры — искусственной ткани, похожей на шёлк, из натурального сырья — древесины и хлопка. Модель прямого силуэта, с эффектными разрезами по бокам, вытачками, круглой окантованной горловиной и проймами, и застёжкой на пуговицу сзади. С брюками-палаццо из того же материала составит однотонный тотал-лук для городских прогулок или выхода в свет."
Свободные брюки с ярким принтом ELIS,"
                7 499 ₽            ","Широкие брюки с дизайнерским геометрическим принтом в бруснично-красной гамме. Выполнены из невесомого материала на основе вискозы и купры — искусственной ткани, похожей на шёлк, из натурального сырья — древесины и хлопка. Модель прямого силуэта, с французскими карманами и комфортным притачным поясом с резинкой, обеспечивающим удобную посадку. С топом из той же ткани составят однотонный тотал-лук для городских прогулок или выхода в свет."
Легкая куртка изо льна ELIS,"
                9 999 ₽            ","Комфортная куртка фирменного оттенка оптический белый выполнена из натурального льна премиального качества. Лёгкий материал с неповторимой текстурой приятен к коже и не препятствует циркуляции воздуха. Модель прямого силуэта, увеличенного объёма, с рукавом-реглан, центральной застёжкой на тесьму-молнию и крупными накладными карманами. Без подкладки. Завершает дизайн удобный капюшон с кулиской. Лёгкая куртка станет базой повседневного гардероба."
Футболка вязаная с V-вырезом ELIS,"
                3 999 ₽            ","Футболка прямого свободного кроя из вязаного трикотажа на основе экологичной вискозы и льна в лаконичном пастельно-голубом оттенке. Модель в V-образной горловиной, втачными короткими рукавами, свободно облегающими руку. Рукава и горловина отделаны манжетами. Крой позволяет носить футболку заправленной и навыпуск. Модель сочетается с шортами, брюками и обувью в спортивном стиле. Must have для путешествий и отпуска."
Шорты льняные ELIS,"
                5 999 ₽            ","Стильные шорты из натурального мягкого льна универсального белого цвета. Модель комфортного среднего облегания, прямого кроя, с поясом на резинке с кулиской для регулирования объема талии. По бокам функциональные прорезные карманы. Модель сочетать с футболками, легкими жакетами светлых оттенков и обувью в спортивном стиле. Must have для гардероба в отпуск."
Платье-комбинация ELIS,"
                6 999 ₽            ","Изящное струящееся платье-комбинация сдержанного коричневого цвета выполнено из лёгкого гладкого материала. Модель прямого силуэта, на тонких бретелях, с V-вырезом и нагрудными вытачками, обеспечивающими комфортную посадку. Образ можно дополнить открытыми босоножками или мюлями на каблуке."
Платье-комбинация ELIS,"
                6 999 ₽            ","Cтруящееся платье актуального горчичного оттенка выполнено из лёгкого гладкого материала на основе вискозы. Модель прямого силуэта, на тонких изящных бретелях, с глубоким округлым вырезом и нагрудными вытачками, обеспечивающими комфортную посадку. Женственный образ можно дополнить открытыми босоножками или мюлями на каблуке."
Футболка из вискозы ELIS,"
                2 999 ₽            ","Повседневная футболка оттенка экрю с авторским принтом на груди. Выполнена из мягкой дышащей вискозы премиального качества, волокна эластана в составе отвечает за комфортную посадку по фигуре. Модель прямого силуэта, с цельнокроеным коротким рукавом и круглым вырезом горловины. Универсальная футболка в стиле кэжуал дополнит городской образ любой сложности. Легко сочетать с брюками, джинсами или юбками."
Платье с цветочным принтом ELIS,"
                8 999 ₽            ","Длинное платье из лёгкой экологичной вискозы с мелким цветочным принтом. Модель имеет прямой крой с расклешенным низом, V-образную горловину, присборенный у плеча лиф и изящные рукава-фонарики."
Платье с цветочным принтом ELIS,"
                8 999 ₽            ","Длинное платье из лёгкой экологичной вискозы EcoVero с мелким цветочным принтом. Модель имеет приталенный за счёт резинок силуэт с расклешенным низом, V-образную горловину, застёжку спереди на пуговицы, обтянутые тканью, присборенный у плеча лиф, изящные рукава-фонарики и эффектный разрез спереди."
Льняной жакет ELIS,"
                11 999 ₽            ","Элегантный жакет из мягкого смесового материала на основе натуральных тканей хлопка и льна. Лен придает вещи характерную фактуру, а хлопок- мягкость и плотность. Приталенная однобортная модель на трех пуговицах, с прямоугольными лацканами, изящным V-образным вырезом горловины, длинными рукавами и двумя накладными карманами, придающими изделию особый стиль.
Модель дополнена узким черным ремешком, который позволяет создавать приталенный силуэт. Сочетается с брюками в тон из той же капсулы, а также однотонными футболками и рубашками."
Брюки льняные укороченные ELIS,"
                6 999 ₽            ","Брюки прямого силуэта из мягкого смесового джерси на основе натуральных тканей: хлопка и льна стильного оливково-зеленого оттенка. Укороченная модель средней посадки, с классическими стрелками, двумя косыми прорезными карманами по бокам и удобной застёжкой на молнию и пуговицу. Хорошую посадку обеспечивают защипы спереди. Для дополнительного комфорта пояс сзади оформлен резинкой. Идеальный выбор для делового гардероба. Практичный оттенок позволяет подобрать верх в любом стиле. Составят однотонный тотал-лук с жакетом из того же материала."
Легкий джемпер фактурной вязки ELIS,"
                4 999 ₽            ","Объемный вязаный джемпер из фактурного трикотажа на основе прочного хлопка оливкового оттенка. Модель-оверсайз свободного полуприлегающего силуэта, с манжетами-резинками по низу. Линия плеча приспущена, что подчеркивает женственность силуэта. Широкая пройма короткого рукава позволяет сочетать джемпер с белыми рубашками, водолазками и платьями. Модель отлично дополнит повседневный гардероб и подойдет для офисного дресс-кода."
Жакет рубашечного кроя с ремнем ELIS,"
                7 999 ₽            ","Актуальный жакет рубашечного кроя в стиле сафари песочного оттенка. Выполнен из дышащего миксового материла, на основе мягкого хлопка, с добавлением прочных поливолокон и эластичного спандекса. Модель прямого силуэта, со стояче-отложным воротником, чуть спущенной линией плеча, втачными рукавами с отворотами, центральной застёжкой на планку с пуговицами и накладными карманами, декорированными монилью - трендом коллекции. Линию талии можно подчеркнуть тонким контрастным ремешком с монилью. Составит однотонный тотал-лук с брюками из того же материала."
Топ базовый из трикотажа LALIS,"
                2 999 ₽            ","Минималистичный топ прямого облегающего силуэта с фигурным круглым вырезом в насыщенном темно-синем цвете. Модель из эластичного материала на основе хлопка и модала, на широких цельнокроеных бретелях, без застежки. Базовая вещь гардероба. Универсально подходит под пиджаки, жакеты и брючные костюмы, а также сочетается со свободными рубашками и джинсами."
Брюки прямые песочного оттенка ELIS,"
                6 499 ₽            ","Лёгкие прямые брюки песочного оттенка. Выполнены из дышащего миксового материла, на основе мягкого хлопка, с добавлением прочных поливолокон и эластичного спандекса. Модель прямого силуэта, с притачным поясом со шлевками под ремень и французскими карманами. Графичные стрелки выстраивают вертикаль, визуально вытягивающую силуэт. Составят однотонный тотал-лук с жакетом рубашечного кроя из того же материала."
Платье-миди с V-вырезом ELIS,"
                7 999 ₽            ","Оригинальное платье-миди приглушенного тёмно-зеленого оттенка из легкой ткани с краш-эффектом. Лёгкая дышащая вискоза приятна к коже, нейлон не позволит материалу деформироваться со временем, а натуральные льняные волокна добавляют текстуры. Модель А-силуэта, с V-образным вырезом, рукавами-фонариками и разрезом спереди. Сборки на плечах, манжетах и под грудью формируют нежные драпировки и создают интересный силуэт. Образ можно дополнить открытыми босоножками, мюлями или классическими лодочками."
Платье-миди из вискозы с принтом ELIS,"
                7 999 ₽            ","Эффектное платье-миди с анималистчиным принтом. Выполнено из лёгкого скользящего полотна на основе натуральной дышащей вискозы премиального качества. Модель А-силуэта, с V-образным вырезом и рукавами-фонариками. Сборки на плечах, манжетах и под грудью формируют нежные драпировки и создают интересный силуэт. Образ можно дополнить открытыми босоножками, мюлями или классическими лодочками."
Вязаный топ желтый ELIS,"
                3 499 ₽            ","Фактурный вязаный топ насыщенного желтого цвета фирменной ажурной вязки. Выполнен из легкой пряжи премиального качества на основе мягкого органического хлопка. Модель полуприлегающего силуэта, среднего объёма, с V-образным вырезом горловины и комфортной резинкой по низу изделия. Лаконичный топ можно дополнить юбкой-миди, брюками или джинсами."
Юбка А-силуэта из вискозы LALIS,"
                5 499 ₽            ","Лёгкая юбка-миди в фиолетовых тонах с авторским принтом с флористическим мотивом. Выполнена из струящегося дышащего вискозного полотна премиального качества. Модель А-силуэта, с комфортным поясом-резинкой и разрезом в боковом шве. Образ можно дополнить однотонным базовым топом или лёгкой блузой. Составит эффектный летний тотал лук с блузой из этой же коллекции."
Юбка А-силуэта с принтом ELIS,"
                4 999 ₽            ","Эффектная юбка с анималистичным принтом в бежево-коричневой гамме. Выполнена из струящегося вискозного полотна премиального качества. Модель A-силуэта, с обтачным поясом, неглубоким разрезом на подоле и изящным рельефом спереди. Элегантная вещь станет основой ваших образов в стиле кэжуал. Юбку можно дополнить фактурным топом или легкой блузой."
Вязаный топ зеленый ELIS,"
                3 499 ₽            ","Фактурный вязаный топ актуального болотного оттенка фирменной ажурной вязки. Выполнен из легкой пряжи премиального качества на основе мягкого хлопка. Модель полуприлегающего силуэта, среднего объёма, с V-образным вырезом горловины и комфортной резинкой по низу изделия. Лаконичный топ можно дополнить юбкой-миди, брюками или джинсами."
Юбка-миди льняная с разрезом ELIS,"
                6 499 ₽            ","Лёгкая юбка-миди с эффектным разрезом натурального серо-бежевого оттенка. Выполнена из дышащего полотна на основе текстурных волокон льна, придающих полотну неповторимый узор, с добавлением прочного полиэстера, мягкой вискозы и эластана, обеспечающего не сковывающую движения посадку. Модель прямого силуэта, с притачным поясом с двойными шлевками и длинной тесьмой-ремешком из основного материала. Элегантная модель дополнит городской образ любой сложности."
Легкая куртка со льном ELIS,"
                9 999 ₽            ","Актуальная лёгкая куртка насыщенного лимонного оттенка выполнена из лёгкого дышащего полотна. Благородный лён в составе поддерживает комфортную температуру, а мягкая вискоза не препятствует циркуляции воздуха. Модель прямого силуэта с кулиской по низу, умеренного объёма, со спущенной линией плеча, втачным рукавом с эластичным манжетом, центральной застёжкой на контрастные пуговицы и такими же пуговицами на накладных карманах с клапанами. Составит однотонный тотал-лук с комфортными брюками из того же материала."
Брюки укороченные со льном ELIS,"
                6 999 ₽            ","Трендовые укороченные брюки насыщенного лимонного оттенка выполнены из лёгкого дышащего полотна. Благородный лён в составе поддерживает комфортную температуру, а мягкая вискоза не препятствует циркуляции воздуха. Модель прямого силуэта, умеренного объёма, притачным поясом  с комфортной резинкой и боковыми карманами. Составят актуальный тотал-лук с рубашкой оверсайз или легкой блузой."
Легкое платье-миди из вискозы ELIS,"
                7 999 ₽            ","Лёгкое платье-миди деликатного фиалкового оттенка с чуть удлиненным сзади подолом. Выполнено из фактурного летящего полотна на основе дышащей вискозы премиального качества. Модель А-силуэта, с круглой горловиной, без рукавов, с потайной застёжкой на пуговицы спереди, декорированной монилью. В комплекте контрастный пояс-акцент на талии, формирует изящный силуэт и обеспечивает комфортную посадку. Образ можно дополнить актуальными открытыми босоножками или классическими лодочками."
Легкое платье-миди из вискозы ELIS,"
                7 999 ₽            ","Элегантное платье-миди светло-голубого оттенка с чуть удлиненным сзади подолом. Выполнено из фактурного летящего полотна на основе дышащей вискозы премиального качества. Модель А-силуэта, с круглой горловиной, без рукавов, с потайной застёжкой на пуговицы спереди, декорированной монилью. В комплекте контрастный пояс-акцент на талии, формирует изящный силуэт и обеспечивает комфортную посадку. Образ можно дополнить актуальными открытыми босоножками или классическими лодочками."
Платье-рубашка со льном ELIS,"
                7 999 ₽            ","Актуальное платье рубашечного кроя оттенка экрю с авторским принтом в контрастную вертикальную полоску. Выполнен из лёгкого материала на основе мягкой и дышащей вискозы, с добавлением льняных волокон, для создания неповторимой текстуры. Модель прямого силуэта, со стояче-отложным воротником, спущенной линией плеча, длинным втачным рукавом с манжетом на пуговице, центральной застёжкой на пуговицы в тон изделию и неглубокими разрезами на подоле. Широкий пояс-лента из основного материала выгодно подчёркивает талию и обеспечивает комфортную посадку. Образ можно дополнить мюлями, босоножками или кедами. "
Вязаная блуза с люрексом ELIS,"
                3 999 ₽            ","Фактурная вязаная блуза в желто-белой гамме в горизонтальный рубчик. Выполнена из мягкой пряжи на основе хлопка, дышащий материал слегка тянется, обеспечивая комфортную посадку. Модель прямого силуэта, среднего объёма, с оригинальными кулисками в плечевых швах, V-образной горловиной с подвязом и удобной резинкой по низу изделия. Универсальная блуза дополнит как лук в стиле кэжуал, так и нестрогий деловой образ."
Юбка-миди с кулиской ELIS,"
                5 999 ₽            ","Актуальная юбка-миди из белоснежного летящего полотна. Легкая хлопковая подкладка приятна к коже и не препятсвует циркуляции воздуха. Модель прямого силуэта, увеличенного объёма, длиной до середины икры. Притачной пояс-резинка с регулирующейся кулиской со шнурком обеспечивает удобную посадку на любой тип фигуры. Лаконичная юбка станет основой ваших городских образов, легко дополнить как кедами, так и открытыми босоножками."
Вязаная блуза с люрексом ELIS,"
                3 999 ₽            ","Лаконичная вязаная блуза в лавандово-белой гамме в горизонтальную полоску. Выполнена из мягкой пряжи на основе хлопка. Модель прямого силуэта, среднего объёма, с оригинальными кулисками в плечевых швах, V-образной горловиной с подвязом и удобной резинкой по низу изделия. Универсальная блуза дополнит как лук в стиле кэжуал, так и нестрогий деловой образ."
Легкий жакет из хлопка и льна ELIS,"
                11 999 ₽            ","Однобортный жакет сдержанного серого оттенка с авторским принтом ""клетка тартан"". Выполнен из миксового полотна на основе легких мягких хлопковых волокон и благородного льна, подкладка из органического хлопка. Модель прямого силуэта, умеренного объема, со стояче-отложным воротником с лацканами, втачными рукавами, центральной застёжкой на одну пуговицу и прорезными карманами с клапанами. Составит однотонный тотал-лук с брюкам из того же материала."
Брюки повседневные со льном ELIS,"
                6 999 ₽            ","Комфортные укороченные брюки деликатного серого оттенка с авторским принтом ""клетка тартан"". Выполнены из миксового полотна на основе легких мягких хлопковых волокон и благородного льна. Модель прямого силуэта, умеренного объема. Эластичный пояс с регулируемой кулиской обесречивает удобную посадку по фигуре. Составят однотонный тотал-лук с однобортным жакетом из того же материала."
Куртка льняная рубашечного кроя ELIS,"
                8 999 ₽            ","Куртка рубашечного кроя деликатного светло-серого оттенка выполнена из лёгкого дышащего полотна. Благородный лён в составе поддерживает комфортную температуру, а мягкая вискоза не препятствует циркуляции воздуха. Модель прямого силуэта, увеличенного объёма, с отложным воротником со стойкой, втачными рукавами с манжетами, накладными карманами на груди и центральной застёжкой на контрастные пуговицы. Составит однотонный тотал-лук с укороченными брюками из того же материала."
Футболка с принтом ELIS,"
                3 499 ₽            ","Легкая футболка лимонного оттенка с дизайнерским принтом с флористическим мотивом на груди. Хлопок в составе не препятствует циркуляции воздуха, эластичный спандекс отвечает за комфортную посадку по фигуре. Модель прямого силуэта, умеренного обьема, с чуть спущенной линией плеча и круглой горловиной обработанной бейкой. Универсальную футболку можно сочетать с джинсами, легкими брюками или юбками-миди."
Брюки укороченные со льном ELIS,"
                6 999 ₽            ","Актуальные укороченные брюки деликатного светло-серого оттенка выполнены из лёгкого дышащего полотна. Благородный лён в составе поддерживает комфортную температуру, а мягкая вискоза не препятствует циркуляции воздуха. Модель прямого силуэта, умеренного объёма, с небольшим заужением к низу, притачным поясом с комфортной резинкой и боковыми карманами. Составят однотонный тотал-лук с легкой курткой-рубашкой из того же материала."
Футболка с принтом ELIS,"
                3 499 ₽            ","Базовая футболка светло-голубого оттенка с авторским принтом на груди. Хлопок в составе не препятствует циркуляции воздуха, эластичный спандекс отвечает за комфортную посадку по фигуре. Модель прямого силуэта, умеренного обьема, с чуть спущенной линией плеча и круглой горловиной обработанной бейкой. Универсальную футболку можно сочетать с джинсами, легкими брюками или юбками-миди."
Платье изо льна с цветочным принтом ELIS,"
                8 999 ₽            ","Лёгкое платье-миди из тонкого льняного полотна с цветочным рисунком. Материал обеспечивает максимальный комфорт и приятен к телу. Эффектная модель на запах, с короткими рукавами-фонариками, присобранными на резинку, изящным V-образным вырезом горловины и удобной застёжкой на пуговицы с планкой. Линию талии подчёркивает потайной пояс-лента на завязках из того же материала в тон. Платье можно носить как с белыми кедами, так и открытой обувью на каблуке."
Джинсовая куртка ELIS,"
                11 999 ₽            ","Стильная джинсовая куртка из мягкого хлопкового денима изысканного брусничного оттенка. Короткая модель прямого свободного кроя, с длинными рукавами с манжетами на крупной кнопке, отложным воротником, двумя нагрудными накладными карманами с застегивающимися клапанами и удобной застёжкой на крупные кнопки в тон. Благодаря однотонному оттенку изделия его легко сочетать с цветными вещами с рисунком. Куртка будет элегантно смотреться в комплекте с джинсами из той же капсулы."
Джинсы из эластичного денима ELIS,"
                5 999 ₽            ","Джинсы прямые насыщенного розового оттенка. Выполнены из хлопкового денима премиального качества, плотный легкий материал отлично тянется, обеспечивая комфортную посадку по фигуре. Модель прямого кроя, с притачным поясом со шлевками под ремень, боковыми карманами и часовым карманом спереди, и накладными американскими сзади. Джинсы дополнят образ в стиле кэжуал, легко сочетать с базовыми футболками или легкими топами."
Вязаный топ ELIS,"
                3 999 ₽            ","Вязаная блуза базового белого цвета с вывязанным рисунком на груди. Выполнена из мягкой фирменной пряжи на основе хлопка. Модель прямого силуэта, среднего объёма, без рукавов, с комфортной резинкой в рубчик по низу изделия и элегантной горловиной лодочкой. Универсальная модель дополнит лук в стиле кэжуал или нестрогий деловой образ."
Вязаная блуза с пайетками ELIS,"
                5 999 ₽            ","Фактурная вязаная блуза базового белого цвета с пайетками. Выполнена из мягкой хлопковой пряжи премиального качества. Модель полуприлегающего силуэта, среднего объёма, со спущенной линией плеча и подвязом в рубчик по круглой горловине, низу изделия и манжетам. Универсальная блуза отлично впишется в повседневный гардероб."
Футболка в полоску ELIS,"
                3 999 ₽            ","Актуальная футболка в полоску с авторским набивным принтом на груди. Выполнена из мягкого материала на основе дышащей вискозы и эластичных волокон, отвечающих за несковывающую движений посадку. Модель прямого силуэта, со спущенной линией плеча, втачным рукавом и круглой горловиной, обработанной бейкой. Базовую футболку легко сочетать с джинсами, брюками или юбками."
Платье-миди без рукавов ELIS,"
                7 999 ₽            ","Изящное платье-миди серого цвета с контрастным чёрным принтом с флористическим паттерном, выполнено из лёгкого струящегося полотна. Модель А-силуэта, без рукавов, с круглой горловиной и широким ремнём-акцентом на талии обтянутым основным материалом. Комфортный крой и вытачки по спинке формируют удачную посадку. Платье дополненное трендовыми мюлями составят актуальный повседневный лук, с классическими лодочками - образ для выхода в свет."
Вязаный топ ELIS,"
                3 999 ₽            ","Вязаная блуза насыщенного бирюзового оттенка с вывязанным рисунком на груди. Выполнена из мягкой фирменной пряжи на основе хлопка. Модель прямого силуэта, среднего объёма, без рукавов, с комфортной резинкой в рубчик по низу изделия и элегантной горловиной лодочкой. Универсальная модель дополнит лук в стиле кэжуал или нестрогий деловой образ."
Джинсы прямые серые ELIS,"
                5 999 ₽            ","Трендовые джинсы ""5 карманов"" с необработанным краем и разрезами по низу. Выполнены из светло-серого фирменного денима на основе хлопка с добавлением эластана, обеспечиващего не сковывающую движений посадку. Модель прямого силуэта, с притачным поясом со шлевками под ремень, боковыми карманами и часовым карманом спереди, и накладными американскими сзади. Джинсы в стиле кэжуал легко дополнить принтованными футболками или легкими топами."
Комбинезон фуксия ELIS,"
                8 999 ₽            ","Эффектный комбинезон насыщенного оттенка фуксия. Выполнен из дышащего материала премиального качества на основе хлопка. Модель прямого силуэта, на широких бретелях, с квадратным вырезом горловины, вырезом по спинке и широкими брюками-кюлотами. Комфортная резинка подчёркивает талию и создаёт утонченный силуэт - песочные часы. Образ можно дополнить актуальными молями на каблуке или открытыми босоножками."
Комбинезон черный ELIS,"
                8 999 ₽            ","Элегантный комбинезон базового чёрного цвета. Выполнен из дышащего материала премиального качества на основе хлопка. Модель прямого силуэта, на широких бретелях, с квадратным вырезом горловины, вырезом по спинке и широкими брюками-кюлотами. Комфортная резинка подчёркивает талию и создаёт утонченный силуэт - песочные часы. Образ можно дополнить актуальными молями на каблуке или открытыми босоножками."
Легкий блейзер с поясом ELIS,"
                8 999 ₽            ","Однобортный жакет графитового оттенка с фирменным принтом ""polka-dot"". Выполнен из миксовой костюмной ткани на основе мягкого хлопка, прочных поливолокон и дышащей вискозы. Модель прямого кроя, с коротким втачным рукавом, стояче-отложным воротником с заострёнными лацканами и накладными карманами с фигурными клапанами. Идущий в комплекте пояс-лента из того же материала подчёркивает талию и формирует утонченный силуэт. Составят однотонный тотал-лук в стиле смарт кэжуал с брюками со стрелками или юбкой из того же материала."
Юбка А-силуэта ELIS,"
                5 999 ₽            ","Элегантная юбка графитового оттенка с фирменным принтом ""polka-dot"". Выполнена из миксовой костюмной ткани на основе мягкого хлопка, прочных поливолокон и дышащей вискозы. Модель А-силуэта с притачным поясом со шлевками под ремень, карманами спереди и застёжкой на потайную молнию. Лёгкие драпировки по подолу формируют утонченный женственный силуэт. Составит однотонный тотал-лук в стиле смарт кэжуал с жакетом из того же материала."
Футболка с принтом ELIS,"
                2 999 ₽            ","Белоснежная футболка с дизайнерским принтом, декорированным паетками. Выполнена из легкого миксового трикотажа на основе дышащей вискозы, с добавлением прочных поливолокон и эластана. Модель прямого силуэта, с коротким цельнокроеным рукавом и круглой горловиной, обработанной бейкой. Универсальная футболка с оригинальным декором дополнит повседневный образ любой сложности."
Брюки прямые костюмные ELIS,"
                6 499 ₽            ","Лаконичные брюки графитового оттенка с фирменным принтом ""polka-dot"". Выполнены из миксовой костюмной ткани на основе мягкого хлопка, прочных поливолокон и дышащей вискозы. Модель прямого силуэта, с притачным поясом со шлевками под ремень, карманами с отрезным бочком и моделирующими вытачками сзади. Графичные заутюженные стрелки выстраивают вертикаль визуально вытягивающую силуэт. Составят однотонный тотал-лук в стиле смарт кэжуал с жакетом из того же материала."
Футболка с капюшоном ELIS,"
                4 999 ₽            ","Актуальная белоснежная футболка с капюшоном. На груди авторская вышивка. Выполнена из мягкого хлопкового трикотажа, дыщаший материал приятен к коже и комфортно тянется. Модель прямого силуэта, умеренного объема, с цельнокроеным рукавом и удобным регулируемым капюшоном со шнурком. Составит актуальный тотал-лук с шортами из того же материала."
Шорты спортивные ELIS,"
                4 999 ₽            ","Трендовые спортивные шорты базового белого цвета. Выполнены из легкого дышащего трикотажа на основе хлопка, с добавлением прочных поливолокон. Модель прямого кроя, увеличенного объёма, с эластичным поясом на резинке и боковыми карманами с отрезным бочком. Составят актуальный тотал-лук с футболкой с капюшоном из того же материала."
Легкий бомбер из трикотажа ELIS,"
                6 999 ₽            ","Бомбер на молнии белого цвета декорирован монилью. Выполнен из легкого дышащего трикотажа на основе хлопка с добавлением прочных поливолокон. Модель прямого кроя, с центральной застёжкой на тесьму-молнию, коротким рукавом и боковыми карманами. С брюками с отворотами из того же материала составят однотонный тотал-лук для путешествий или прогулок на свежем воздухе."
Брюки спортивные с отворотами ELIS,"
                6 999 ₽            ","Лаконичные брюки с отворотами универсального белого цвета. Выполнены из легкого дышащего трикотажа на основе хлопка, с добавлением прочных поливолокон. Модель прямого кроя, с эластичным поясом на резинке с регулируемой кулиской и боковыми карманами с отрезным бочком. С бомбером из того же материала составят однотонный тотал-лук для путешествий или прогулок  на свежем воздухе."
Платье прямое с V-вырезом на спине ELIS,"
                6 999 ₽            ","Платье универсального чёрного цвета с контрастным дизайнерским принтом с флористическим мотивом на груди. Выполнено из лёгкого трикотажа на основе дышащей вискозы и прочных нейлоновых волокон. Модель прямого кроя с коротким цельнокроеным рукавом, эффектным V-образным вырезом сзади и неглубоким разрезом на подоле. Платье в стиле кэжуал легко дополнить мюлями, босоножками или кроссовками."
Платье-миди из вискозы ELIS,"
                5 999 ₽            ","Платье-миди базового черного цвета выполнено из лёгкого миксового материала на основе дышащий вискозы и эластичного нейлона. Модель прямого силуэта, с круглым вырезом горловины, эффектным разрезом и V-образным вырезом сзади. Свободный крой обеспечивает комфортную посадку на любой тип фигуры. Образ можно дополнить открытыми босоножками или классическими лодочками."
Платье-миди из вискозы ELIS,"
                5 999 ₽            ","Платье средней длины зеленого оттенка. Без рукавов, с круглым вырезом и неглубоким разрезом. Платье прямого кроя. Отличный выбор для создания повседневного летнего образа."
Юбка-карандаш прямая ELIS,"
                4 999 ₽            ",Прямая юбка-карандаш. Карманы с клапанами. Застежка на гульфик. Спереди шлица.
Платье-комбинация из вискозы ELIS,"
                6 999 ₽            ","Струящееся белоснежное платье-комбинация с контрастным принтом. Выполнено из гладкой дышащей вискозы, лёгкий материал приятен к коже и почти не ощущается. Модель прямого силуэта, на тонких бретелях, с V-образным вырезом горловины и нагрудными вытачками, обеспечивающими удачную посадку. Образ можно дополнить открытыми босоножками или мюлями на каблуке."
Платье-миди розовое из вискозы LALIS,"
                7 999 ₽            ","Лаконичное платье-миди насыщенного розового оттенка выполнено из гладкого вискозного полотна. Модель А-силуэта, с цельнокроёным рукавом с защипом и манжетом, отложным воротником, неглубоким V-образным вырезом и центральной застёжкой на планку с пуговицами. Образ можно дополнить поясом-лентой из основного материала, сделав акцент на линии талии. Платье легко сочетать с босоножками или кедами."
Блуза с поясом LALIS,"
                5 999 ₽            ","Свободная блуза с коротким цельнокроенным рукавом с подворотом из мягкой экологичной вискозы гладкого плетения. Силуэт формируется при помощи тонкого пояса из основной ткани изделия. Блузу можно запахнуть или надеть вместе с облегающим топом. Женственности добавляет фантазийный растительный узор в сиренево-фиолетовых тонах. Застегивается на планку с пуговицами, по бокам разрезы. Блуза сочетается со свободной юбкой-миди из той же капсулы, а также подходит под неформальные брюки и обувь на каблуке."
Жакет малиновый со льном LALIS,"
                11 999 ₽            ","Однобортной жакет насыщенного малинового оттенка выполнен из смесового льна премиального качества. Модель прямого кроя, со стояче-отложным воротником с лацканами, втачным рукавом с манжетом и центральной застёжкой на пуговицы. Пояс-лента из основного материала подчёркивает линию талии и формирует изящный силуэт. С брюками или юбкой из той же коллекции составят однотонный тотал-лук в стиле смарт кэжуал."
Топ базовый из трикотажа LALIS,"
                2 999 ₽            ","Минималистичный топ прямого облегающего силуэта с фигурным круглым вырезом в белом цвете. Модель из эластичного материала на основе хлопка и модала, на широких цельнокроеных бретелях, без застежки. Базовая вещь гардероба. Универсально подходит под пиджаки, жакеты и брючные костюмы, а также сочетается со свободными рубашками и джинсами."
Юбка на запах со льном LALIS,"
                5 999 ₽            ","Легкая юбка насыщенного малинового оттенка выполнены из смесового льна премиального качества. Модель А-силуэта, на запах с двумя пуговицами спереди, длиной чуть ниже колена. Комфортная посадка делает юбку удачным выбором для любого типа фигуры. Составит однотонный тотал-лук в стиле смарт кэжуал с жакетом из той же коллекции."
Брюки прямые со льном LALIS,"
                7 999 ₽            ","Комфортные брюки насыщенного малинового оттенка выполнены из смесового льна премиального качества. Модель прямого кроя, с притачным поясом со шлевками под ремень и резинкой по спинке, по бокам косые карманы. С однобортным жакетом из этой же коллекции составят однотонный тотал-лук в стиле смарт кэжуал."
Блуза из вискозы LALIS,"
                5 999 ₽            ","Лаконичная блуза оттенка оптический белый выполнена из тончайшего полотна на основе модифицированной вискозы. Невесомый материал чуть просвечивает, блузу удобно сочетать с базовым топом. Модель прямого силуэта, с небольшим воротником стойкой, длинным цельнокроеным рукавом с манжетом и центральной застёжкой на пуговицы. Лёгкая блуза дополнит городской образ любой сложности."
Топ базовый из трикотажа LALIS,"
                2 999 ₽            ","Минималистичный топ прямого облегающего силуэта с фигурным круглым вырезом в нежно-голубом цвете. Модель из эластичного материала на основе хлопка и модала, на широких цельнокроеных бретелях, без застежки. Базовая вещь гардероба. Универсально подходит под пиджаки, жакеты и брючные костюмы, а также сочетается со свободными рубашками и джинсами."
Брюки прямые из хлопка LALIS,"
                6 999 ₽            ","Комфортные прямые брюки желтого цвета выполнены из эластичного хлопкового полотна. Лёгкий дышащий материал с добавлением эластана обеспечивает не сковывающую движений посадку. Модель прямого силуэта, с косыми карманами, притачным поясом со шлевками под ремень и резинкой по спинке, с моделирующмими вытачками и имитацией кармана с листочкой сзади. Повседневные брюки удачно впишутся в базовый гардероб."
Футболка трикотажная в полоску LALIS,"
                3 499 ₽            ","Фтболка в морском стиле в бело-жёлтой гамме с фирменной вышивкой на груди. Выполнена из эластичного трикотажа на основе вискозы. Модель прямого силуэта, с втачным рукавом и круглой горловиной, обработанной бейкой. Повседневная футболка дополнит как городской образ, так и расслабленный отпускной лук."
Футболка трикотажная в полоску LALIS,"
                3 499 ₽            ","Футболка в морском стиле в сине-белой гамме с фирменной вышивкой на груди. Выполнена из лёгкого эластичного трикотажа на основе вискозы. Модель прямого силуэта, с втачным рукавом и круглой горловиной, обработанной бейкой. Лаконичная футболка дополнит как городской образ, так и расслабленный отпускной лук."
Футболка из хлопка с принтом LALIS,"
                3 499 ₽            ","Лёгкая футболка нежно-розового оттенка с анималистичным авторским принтом на груди. Выполнена из фирменного трикотажа на основе дышащего хлопка. Модель прямого силуэта, с коротким втачным рукавом и круглой горловиной, обработанной бейкой. Универсальная футболка отлично впишется в повседневный гардероб."
Футболка из хлопка с принтом LALIS,"
                3 499 ₽            ","Футболка белого цвета с анималистичным авторским принтом на груди. Выполнена из фирменного трикотажа на основе дышащего хлопка. Модель прямого силуэта, с коротким втачным рукавом и круглой горловиной, обработанной бейкой. Универсальная футболка отлично впишется в повседневный гардероб."
Легкий жакет на пуговицах LALIS,"
                9 999 ₽            ","Укороченный жакет выполнен из миксового материала на осносве прочного полиэстера, дышащего хлопка, мягкой вискозы и текстурных льняных волокон. Модель прямого силуэта, с отложным воротником с полустойкой, спущенной линией плеча, укороченными рукавами, карманами в швах и притачным поясом по низу изделия. Спинка с кокеткой, с лёгким защипом и сборкой по низу. Составит однотонный тотал-лук в стиле смарт кэжуал с брюками или юбкой-миди из этой же коллекции."
Блуза из вискозы с принтом LALIS,"
                5 999 ₽            ","Лёгкая блуза с авторским набивным принтом в молочно-зелёной гамме. Блуза выполнена из натуральной ткани на основе вискозы с добавлением льняных волокон. Модель прямого силуэта, с цельнокроеным укороченным рукавом и атласной тонкой планкой по круглой горловине. Свободный крой обеспечивает комфортную посадку на любой тип фигуры. Блуза в сочетании с брюками-палаццо из этой же коллекции составит однотонный тотал-лук для городских прогулок или отпуска."
Платье-рубашка из хлопка LALIS,"
                7 999 ₽            ","Актуальное платье-рубашка длины миди терракотового оттенка выполнено из хлопкового полотна премиального качества. Модель прямого силуэта, с отложным воротником, цельнокроёным рукавом, центральной застёжкой на пуговицы и карманами в боковых швах. На полочке - карманы с клапанами на груди, декорированными монилью. Съёмный пояс-лента из основного материала выгодно подчёркивает линию талии. Образ можно дополнить обувью на каблуке или кедами."
Рубашка с принтом LALIS,"
                7 999 ₽            ","Рубашка в коричнево-зелёнойгамме с дизайнерским флористическим принтом. Выполнена из лёгкой хлопковой ткани премиального качества. Модель прямого силуэта, со стояче-отложным воротником, объёмными рукавами с защипами и манжетами, с центральной застёжкой на пуговицы и накладным карманом на груди. Легкая рубашка дополнит как городской лук, так и нестрогий офисный образ."
Юбка А-силуэта с пуговицами LALIS,"
                5 999 ₽            ","Юбка-миди актуального зелёного цвета. Выполнена из миксового материала на осносве прочного полиэстера, дышащего хлопка, мягкой вискозы и текстурных льняных волокон. Модель А-силуэта, с обтачным поясом, застёжкой на молнию сбоку и декоративной планкой с пуговицами спереди. Комфортная посадка делает юбку удачным выбором для любого типа фигуры. Составит однотонный тотал-лук в стиле смарт кэжуал с жакетом из того же материала."
Брюки укороченные со стрелками LALIS,"
                7 999 ₽            ","Легкие брюки с застроченными стрелками натурального зеленого цвета. Выполнены из миксового материала на осносве прочного полиэстера, дышащего хлопка, мягкой вискозы и текстурных льняных волокон. Модель прямого силуэта, с притачным поясом со шлевками под ремень и небольшими разрезами по бокам снизу. Графичные стрелки выстраивают вертикаль, визуально вытягивающую силуэт. Составят однотонный тотал-лук в стиле смарт кэжуал с жакетом из того же материала."
Платье-миди льняное с V-вырезом LALIS,"
                8 999 ₽            ","Изящное платье-миди выполнено из натурального льна премиального качества. Модель А-силуэта, с фигурным подрезом под грудью, неглубоким V-образным вырезом горловины и коротким цельнокроёным рукавом. Встречная складка от линии талии спереди формирует лёгкие драпировки. Образ можно дополнить открытыми босоножками или классическими лодочками."
Рубашка льняная белая LALIS,"
                7 499 ₽            ","Свободная белая рубашка выполнена из льняного полотна премиального качества. Модель прямого силуэта, со спущенной линией плеча, длинным втачным рукавом с манжетом, стояче-отложным воротником, центральной застёжкой на пуговицы и накладным карманом на груди. Комфортная рубашка дополнит лук в стиле кэжуал или станет альтернативой классической блузе для нестрого офисного образа."
Легкий жакет на пуговицах LALIS,"
                11 999 ₽            ","Актуальный жакет деликатного серо-бежевого оттенка выполнен из фирменного лёгкого полотна с добавлением дышащего хлопка и мягкой вискозы. Модель полуприлегающего кроя, с цельнокроеным укороченным рукавом, воротником пиджачного типа с заострёнными лацканами, однобортной застёжкой на пуговицы и крупными накладными карманами. Пояс-лента из основного материал делает акцент на талии и формирует изящный силуэт. Составят однотонный тотал-лук в стиле смарт кэжуал с брюками из той же коллекции."
Брюки укороченные со стрелками LALIS,"
                7 999 ₽            ","Брюки с застроченными стрелками деликатного серо-бежевого оттенка. Выполнены из миксового материала на осносве прочного полиэстера, дышащего хлопка, мягкой вискозы и текстурных льняных волокон. Модель прямого силуэта, с притачным поясом со шлевками под ремень и небольшими разрезами по бокам снизу. Графичные застроченные стрелки выстраивают вертикаль, визуально вытягивая силуэт. Составят однотонный тотал-лук в стиле смарт кэжуал с жакетом из этой же коллекции."
Юбка А-силуэта с принтом LALIS,"
                5 999 ₽            ","Элегантная юбка на запах в серо-коричневых тонах с авторским принтом с флористическим мотивом. Выполнена из невесомого полотна на основе модифицированной вискозы и нейлона. Модель А-силуэта, на подкладке, с комфортным притачным поясом и лёгкими драпировками на подоле. Образ можно дополнить базовыми топами или легкими блузами."
Жакет в рубашечном стиле LALIS,"
                9 999 ₽            ","Жакет сдержанного светло-бежевого оттенка выполнена из смесовой костюмной ткани с деликатным клетчатым принтом. Модель прямого силуэта, с отложным воротником с лацканами, спущенной линией плеча, однобортной застёжкой на пуговицы и декоративными накладными карманами с клапанами на груди. Составит однотонный тотал-лук в стиле кэжуал с брюками из того же материала."
Футболка трикотажная с принтом LALIS,"
                3 499 ₽            ","Футболка молочного оттенка с контрастным дизайнерским принтом на груди. Выполнена из фирменного трикотажа на основе хлопка и модифицированной вискозы. Модель прямого силуэта, с цельнокроеным рукавом и круглой горловиной, обработанной бейкой. Свободный крой обеспечивает удачную посадку на любой тип фигуры. Универсальная футболка дополнит городской образ любой сложности."
Брюки прямые LALIS,"
                6 999 ₽            ",Комфортные брюки сдержанного светло-бежевого оттенка выполнены из смесовой костюмной ткани с деликатным клетчатым принтом. Модель прямого силуэта с боковыми карманами и заутюженными стрелками. Эластичный притачной пояс-резинка с кулиской обеспечивает удобную посадку на любой тип фигуры. Составят однотонный тотал-лук в стиле кэжуал с жакетом из этой же коллекции.
Блуза в полоску LALIS,"
                3 999 ₽            ","Блуза в вертикальную полоску в бежево-коричневых тонах. Перед выполнен из легкой ткани на основе мягкой вискозы и купры. Сзади однотонный трикотаж на основе хлопка. Модель прямого силуэта, с коротким цельнокроеным рукавом и круглой горловиной. Необычная блуза дополнит как нестрогий деловой образ, так и городской лук."
Платье-миди в полоску LALIS,"
                7 999 ₽            ","Элегантное платье-миди с принтом в вертикальную полоску. Выполнено из гладкой летящей ткани на основе мягкой вискозы и купры. Модель прямого силуэта, с планкой из трикотажа и цельнокроеным рукавом с манжетом-подворотом. Пояс-лента из основного материала удачно подчёркивает линию талии, формируя утонченный силуэт. Образ можно дополнить открытыми босоножками или классическими лодочками."
Футболка трикотажная с принтом LALIS,"
                3 499 ₽            ","Футболка лилового оттенка с дизайнерским принтом на полочке. Выполнена из фирменного трикотажа на основе хлопка. Модель прямого силуэта, с цельнокроеным рукавом и круглой горловиной, обработанной бейкой. Свободный крой обеспечивает удачную посадку на любой тип фигуры. Лаконичная модель футболки станет основой гардероба и дополнит городской образ любой сложности."
Джинсы из эластичного хлопка LALIS,"
                6 999 ₽            ","Лаконичные джинсы насыщенного сливового оттенка из денима на основе хлопка с добавлением эластана. Модель прямого силуэта с боковыми карманами спереди, накладными американскими сзади, притачным поясом со шлевками под ремень и декоративной нашивкой из экокожи. Джинсы удачно впишутся в повседневный гардероб."
Рубашка изо льна LALIS,"
                6 999 ₽            ","Актуальная рубашка нежного лавандового оттенка выполнена из льняного полотна премиального качества. Модель прямого силуэта, со спущенной линией плеча, длинным втачным рукавом с манжетом, стояче-отложным воротником, центральной застёжкой на пуговицы и накладным карманом на груди. Комфортная рубашка дополнит как лук в стиле кэжуал, так и станет альтернативой классической рубашке для нестрого офисного образа."
Шорты льняные LALIS,"
                5 999 ₽            ","Шорты-бермуды из лёгкой льняной ткани сиреневого оттенка. Модель классического кроя: стрелки без защипов, застёжка на молнию и пуговицы, притачной пояс со шлевками под ремень, косые французские карманы по бокам. Элегантная модель подходит как для офиса, так и для отдыха. Шорты составят комплект с блузой из той же коллекции."
Фактурный джемпер с кулиской LALIS,"
                3 999 ₽            ","Фактурный вязаный джемпер универсального белого цвета. Выполнен из фирменной хлопковой пряжи, особое переплетение нитей обеспечивает эластичность и прочность изделия. Модель полуприлегающего силуэта, среднего объёма, со спущенной линией плеча, коротким цельновязаным рукавом с манжетом и круглой горловиной с окантовкой. Комфортный пояс с кулиской обеспечивает удобную посадку. Уютный джемпер удачно впишется в повседневный гардероб."
Жакет укороченный из трикотажа LALIS,"
                7 999 ₽            ","Укороченный жакет деликатного лавандового оттенка выполнен из фактурного трикотажа ""пике"" на основе хлопка. Модель полуприлегающего силуэта, со стояче-отложным воротником с заострёнными лацканами, длинным втачным рукавом и однобортной застёжкой на пуговицы. Жакет на частичной подкладке составит однотонный тотал-лук в стиле смарт кэжуал с брюками из этой же коллекции."
Брюки-палаццо LALIS,"
                5 999 ₽            ","Брюки-палаццо деликатного лавандового оттенка выполнены из фактурного трикотажа ""пике"" на основе хлопка. Модель с комфортной завышенной посадкой, боковыми карманами и заутюженными стрелками. Составят однотонный тотал-лук в стиле смарт кэжуал с укорочённым жакетом из той же коллекции."
Легкий вязаный джемпер LALIS,"
                4 999 ₽            ","Вязаный джемпер в светло-бежевых тонах в горизонтальную полоску. Выполнен из мягкой хлопковой пряжи премиального качества. Модель прямого силуэта, среднего объёма, со спущенной линией плеча, коротким втачным рукавом и круглой горловиной. Низ изделия, манжеты и горловина окантованы вязанной бейкой-трубкой. Джемпер легко сочетать с брюками, джинсами или юбками-миди."
Блуза вязаная с монилью LALIS,"
                4 999 ₽            ",Блуза вязаная нежного фиолетового цвета. Модель свободного силуэта со спущенным рукавом 3/4 и круглой горловиной. На полочке деликатное украшение - имитация кармана монилью. Модель подойдет для любого образа на каждый день.
Юбка-миди с кулиской LALIS,"
                5 499 ₽            ","Лаконичная юбка кофейного оттенка выполнена из вискозного полотна премиального качества. Модель А-силуэта, длины миди, с боковым карманом с отстрочкой и втречной складкой спереди, создающей красивый рельеф. Эластичный пояс с кулиской обеспечивает комфортную посадку на любой тип фигуры. Образ можно дополнить лёгкой блузой или фактурным трикотажем."
Рубашка в полоску LALIS,"
                5 999 ₽            ","Укороченная блуза лилового оттенка с принтом в вертикальную полоску. Выполнена из легкого дышащего полотна на основе мягкой вискозы. Модель прямого силуэта, со спущенной линией плеча, коротким цельнокроеным рукавом с отворотом и стояче-отложным воротником. Удлиненные полы завязываются в комфортный узел, подчеркивая линию талии. Образ можно дополнить джинсами, брюками или юбкой."
Футболка трикотажная с принтом LALIS,"
                3 499 ₽            ","Футболка коричневого цвета с контрастным дизайнерским принтом на груди. Выполнена из мягкого трикотажа на основе  вискозы. Модель свободного силуэта, с подвязом по горловине и спцщенной линией плеча. Свободный крой обеспечивает удачную посадку на любой тип фигуры. Универсальная футболка дополнит городской образ любой сложности."
Брюки синего цвета из хлопка LALIS,"
                6 999 ₽            ","Комфортные брюки небесно-голубого цвета выполнены из плотного хлопкового полотна. Лёгкий дышащий хлопок с добавлением эластана обеспечивает не сковывающую движений посадку. Брюки зауженные к низу, с притачным поясом и со шлевками под ремень. Повседневные брюки удачно впишутся в любой летний гардероб."
Футболка из вискозы ELIS,"
                2 999 ₽            ","Базовая футболка насыщенного бирюзового оттенка с авторским принтом на груди. Выполнена из лёгкого и приятного вискозного трикотажа. Модель прямого силуэта, с коротким цельнокроеным рукавом и круглым вырезом горловины. Универсальная футболка в стиле кэжуал дополнит городской образ любой сложности. Легко сочетать с брюками, джинсами или юбками."
